,Probability of consolidation
0,73.png has consolidation with 52.85% probability
1,6694.png has consolidation with 51.03% probability
2,7845.png has consolidation with 53.29% probability
3,9530.png has consolidation with 51.56% probability
4,1282.png has consolidation with 58.47% probability
5,11107.png has consolidation with 52.3% probability
6,16613.png has consolidation with 57.56% probability
7,17624.png has consolidation with 59.55% probability
8,17401.png has consolidation with 53.92% probability
9,18821.png has consolidation with 52.15% probability
10,8483.png has consolidation with 50.88% probability
11,15536.png has consolidation with 50.6% probability
12,12860.png has consolidation with 50.1% probability
13,10269.png has consolidation with 54.81% probability
14,6018.png has consolidation with 50.23% probability
15,13071.png has consolidation with 55.69% probability
16,3708.png has consolidation with 52.18% probability
17,7668.png has consolidation with 50.91% probability
18,10447.png has consolidation with 51.41% probability
19,17449.png has consolidation with 50.13% probability
20,3750.png has consolidation with 54.71% probability
21,13519.png has consolidation with 54.64% probability
22,2125.png has consolidation with 53.47% probability
23,4047.png has consolidation with 51.31% probability
24,14307.png has consolidation with 50.84% probability
25,117.png has consolidation with 64.03% probability
26,4258.png has consolidation with 54.68% probability
27,13329.png has consolidation with 50.45% probability
28,459.png has consolidation with 51.71% probability
29,19466.png has consolidation with 52.5% probability
30,7938.png has consolidation with 50.83% probability
31,4914.png has consolidation with 55.61% probability
32,17158.png has consolidation with 50.26% probability
33,4132.png has consolidation with 54.62% probability
34,7005.png has consolidation with 51.28% probability
35,6721.png has consolidation with 52.38% probability
36,17933.png has consolidation with 51.7% probability
37,16243.png has consolidation with 51.1% probability
38,5859.png has consolidation with 59.22% probability
39,17079.png has consolidation with 50.47% probability
40,16959.png has consolidation with 51.68% probability
41,15950.png has consolidation with 52.51% probability
42,18474.png has consolidation with 55.64% probability
43,10910.png has consolidation with 52.73% probability
44,4831.png has consolidation with 50.61% probability
45,19597.png has consolidation with 52.63% probability
46,14408.png has consolidation with 50.74% probability
47,2015.png has consolidation with 60.76% probability
48,11257.png has consolidation with 52.47% probability
49,10224.png has consolidation with 60.05% probability
50,17491.png has consolidation with 50.44% probability
51,13156.png has consolidation with 55.11% probability
52,8237.png has consolidation with 51.51% probability
53,11543.png has consolidation with 59.6% probability
54,438.png has consolidation with 51.28% probability
55,9022.png has consolidation with 59.39% probability
56,12444.png has consolidation with 51.24% probability
57,11388.png has consolidation with 52.31% probability
58,15446.png has consolidation with 50.08% probability
59,3276.png has consolidation with 54.34% probability
60,5493.png has consolidation with 56.59% probability
61,18376.png has consolidation with 52.69% probability
62,5172.png has consolidation with 53.11% probability
63,10535.png has consolidation with 50.28% probability
64,328.png has consolidation with 53.95% probability
65,4758.png has consolidation with 54.08% probability
66,5169.png has consolidation with 50.26% probability
67,8602.png has consolidation with 52.77% probability
68,568.png has consolidation with 52.61% probability
69,11884.png has consolidation with 51.32% probability
70,6097.png has consolidation with 50.42% probability
71,13808.png has consolidation with 50.61% probability
72,4494.png has consolidation with 54.49% probability
73,19038.png has consolidation with 54.05% probability
74,10739.png has consolidation with 51.97% probability
75,18127.png has consolidation with 55.2% probability
76,6023.png has consolidation with 56.26% probability
77,12801.png has consolidation with 55.07% probability
78,6747.png has consolidation with 51.82% probability
79,6978.png has consolidation with 50.35% probability
80,3929.png has consolidation with 50.38% probability
81,6258.png has consolidation with 50.4% probability
82,13238.png has consolidation with 51.53% probability
83,17980.png has consolidation with 50.38% probability
84,7321.png has consolidation with 52.31% probability
85,4218.png has consolidation with 59.85% probability
86,19940.png has consolidation with 51.42% probability
87,15833.png has consolidation with 51.08% probability
88,7210.png has consolidation with 50.46% probability
89,2913.png has consolidation with 53.16% probability
90,14294.png has consolidation with 64.48% probability
91,13436.png has consolidation with 52.64% probability
92,6214.png has consolidation with 53.06% probability
93,18482.png has consolidation with 50.17% probability
94,7070.png has consolidation with 51.46% probability
95,6434.png has consolidation with 52.58% probability
96,7534.png has consolidation with 52.02% probability
97,12779.png has consolidation with 57.57% probability
98,14298.png has consolidation with 51.57% probability
99,5337.png has consolidation with 58.65% probability
100,2181.png has consolidation with 51.94% probability
101,5809.png has consolidation with 51.21% probability
102,3644.png has consolidation with 50.71% probability
103,13300.png has consolidation with 62.35% probability
104,6459.png has consolidation with 50.3% probability
105,18606.png has consolidation with 51.42% probability
106,10453.png has consolidation with 50.16% probability
107,18760.png has consolidation with 54.98% probability
108,17735.png has consolidation with 52.53% probability
109,6590.png has consolidation with 51.06% probability
110,15188.png has consolidation with 51.19% probability
111,19246.png has consolidation with 51.08% probability
112,9040.png has consolidation with 57.71% probability
113,19140.png has consolidation with 64.39% probability
114,14636.png has consolidation with 52.87% probability
115,8204.png has consolidation with 51.1% probability
116,11773.png has consolidation with 54.61% probability
117,8796.png has consolidation with 53.77% probability
118,18624.png has consolidation with 51.08% probability
119,4889.png has consolidation with 51.55% probability
120,19798.png has consolidation with 54.59% probability
121,5447.png has consolidation with 56.46% probability
122,593.png has consolidation with 50.23% probability
123,7082.png has consolidation with 61.57% probability
124,12496.png has consolidation with 52.96% probability
125,7689.png has consolidation with 53.24% probability
126,1773.png has consolidation with 50.32% probability
127,3628.png has consolidation with 63.96% probability
128,12883.png has consolidation with 54.41% probability
129,15456.png has consolidation with 63.25% probability
130,9417.png has consolidation with 50.23% probability
131,10293.png has consolidation with 51.58% probability
132,10328.png has consolidation with 50.89% probability
133,9558.png has consolidation with 57.29% probability
134,12687.png has consolidation with 53.19% probability
135,19811.png has consolidation with 57.45% probability
136,6617.png has consolidation with 52.76% probability
137,8096.png has consolidation with 55.27% probability
138,4029.png has consolidation with 57.26% probability
139,11933.png has consolidation with 52.98% probability
140,10965.png has consolidation with 53.46% probability
141,15654.png has consolidation with 52.59% probability
142,9955.png has consolidation with 54.2% probability
143,11524.png has consolidation with 51.6% probability
144,603.png has consolidation with 50.23% probability
145,15585.png has consolidation with 53.29% probability
146,1807.png has consolidation with 53.93% probability
147,12164.png has consolidation with 52.82% probability
148,7704.png has consolidation with 51.09% probability
149,1542.png has consolidation with 66.55% probability
150,12286.png has consolidation with 51.16% probability
151,8857.png has consolidation with 52.15% probability
152,16114.png has consolidation with 52.35% probability
153,14994.png has consolidation with 51.02% probability
154,8478.png has consolidation with 56.19% probability
155,5448.png has consolidation with 53.99% probability
156,2838.png has consolidation with 60.75% probability
157,12956.png has consolidation with 50.68% probability
158,14001.png has consolidation with 53.08% probability
159,11462.png has consolidation with 51.18% probability
160,5350.png has consolidation with 51.05% probability
161,11742.png has consolidation with 60.24% probability
162,8097.png has consolidation with 51.98% probability
163,14248.png has consolidation with 53.29% probability
164,211.png has consolidation with 52.6% probability
165,13013.png has consolidation with 52.55% probability
166,17505.png has consolidation with 53.07% probability
167,13820.png has consolidation with 53.97% probability
168,333.png has consolidation with 51.19% probability
169,16176.png has consolidation with 61.88% probability
170,16450.png has consolidation with 52.83% probability
171,5614.png has consolidation with 51.91% probability
172,17769.png has consolidation with 51.2% probability
173,565.png has consolidation with 51.48% probability
174,6501.png has consolidation with 51.08% probability
175,13213.png has consolidation with 54.76% probability
176,9236.png has consolidation with 57.13% probability
177,12816.png has consolidation with 51.44% probability
178,15369.png has consolidation with 59.33% probability
179,2301.png has consolidation with 68.64% probability
180,16497.png has consolidation with 54.81% probability
181,11289.png has consolidation with 52.59% probability
182,13015.png has consolidation with 53.94% probability
183,14797.png has consolidation with 60.59% probability
184,10078.png has consolidation with 53.76% probability
185,17329.png has consolidation with 50.02% probability
186,9338.png has consolidation with 61.71% probability
187,14567.png has consolidation with 52.8% probability
188,4579.png has consolidation with 61.48% probability
189,5354.png has consolidation with 51.41% probability
190,2096.png has consolidation with 52.5% probability
191,658.png has consolidation with 52.96% probability
192,15036.png has consolidation with 51.47% probability
193,18421.png has consolidation with 50.19% probability
194,8107.png has consolidation with 52.1% probability
195,16336.png has consolidation with 50.83% probability
196,7088.png has consolidation with 52.73% probability
197,12150.png has consolidation with 51.93% probability
198,1974.png has consolidation with 50.39% probability
199,3442.png has consolidation with 50.52% probability
200,8368.png has consolidation with 51.16% probability
201,2963.png has consolidation with 52.23% probability
202,6613.png has consolidation with 51.21% probability
203,14564.png has consolidation with 52.46% probability
204,14058.png has consolidation with 50.06% probability
205,10634.png has consolidation with 52.32% probability
206,4691.png has consolidation with 50.4% probability
207,1606.png has consolidation with 54.26% probability
208,1676.png has consolidation with 50.09% probability
209,5877.png has consolidation with 52.82% probability
210,6336.png has consolidation with 60.82% probability
211,11002.png has consolidation with 52.68% probability
212,15041.png has consolidation with 50.2% probability
213,16980.png has consolidation with 50.36% probability
214,1639.png has consolidation with 56.94% probability
215,13106.png has consolidation with 51.74% probability
216,4027.png has consolidation with 57.66% probability
217,17795.png has consolidation with 63.37% probability
218,19824.png has consolidation with 50.4% probability
219,15300.png has consolidation with 72.27% probability
220,12820.png has consolidation with 52.78% probability
221,7351.png has consolidation with 51.21% probability
222,8085.png has consolidation with 50.87% probability
223,19114.png has consolidation with 51.31% probability
224,12460.png has consolidation with 52.76% probability
225,18386.png has consolidation with 51.0% probability
226,19909.png has consolidation with 58.5% probability
227,3574.png has consolidation with 55.51% probability
228,13813.png has consolidation with 51.35% probability
229,2944.png has consolidation with 51.75% probability
230,2726.png has consolidation with 54.79% probability
231,12044.png has consolidation with 51.31% probability
232,2169.png has consolidation with 51.69% probability
233,13836.png has consolidation with 57.27% probability
234,19564.png has consolidation with 54.68% probability
235,4366.png has consolidation with 53.54% probability
236,3983.png has consolidation with 51.24% probability
237,7263.png has consolidation with 51.34% probability
238,7037.png has consolidation with 52.51% probability
239,11360.png has consolidation with 57.52% probability
240,2289.png has consolidation with 51.73% probability
241,4154.png has consolidation with 50.27% probability
242,19790.png has consolidation with 53.9% probability
243,5207.png has consolidation with 57.31% probability
244,15455.png has consolidation with 50.88% probability
245,13111.png has consolidation with 51.23% probability
246,9426.png has consolidation with 56.04% probability
247,14006.png has consolidation with 51.93% probability
248,13976.png has consolidation with 53.56% probability
249,18698.png has consolidation with 51.12% probability
250,7247.png has consolidation with 50.73% probability
251,18775.png has consolidation with 52.84% probability
252,17543.png has consolidation with 50.72% probability
253,4602.png has consolidation with 54.28% probability
254,14530.png has consolidation with 52.09% probability
255,6016.png has consolidation with 52.53% probability
256,8462.png has consolidation with 51.49% probability
257,12194.png has consolidation with 52.15% probability
258,7635.png has consolidation with 50.62% probability
259,9877.png has consolidation with 54.3% probability
260,17480.png has consolidation with 50.04% probability
261,16122.png has consolidation with 50.36% probability
262,5317.png has consolidation with 50.64% probability
263,6527.png has consolidation with 52.3% probability
264,15682.png has consolidation with 51.23% probability
265,18068.png has consolidation with 52.99% probability
266,8653.png has consolidation with 53.18% probability
267,5870.png has consolidation with 55.02% probability
268,4950.png has consolidation with 62.23% probability
269,6586.png has consolidation with 52.18% probability
270,81.png has consolidation with 50.69% probability
271,7276.png has consolidation with 54.5% probability
272,15866.png has consolidation with 50.81% probability
273,10889.png has consolidation with 52.18% probability
274,6734.png has consolidation with 52.15% probability
275,14937.png has consolidation with 50.76% probability
276,16564.png has consolidation with 56.21% probability
277,10615.png has consolidation with 51.23% probability
278,15591.png has consolidation with 67.99% probability
279,11081.png has consolidation with 52.2% probability
280,604.png has consolidation with 50.03% probability
281,18218.png has consolidation with 51.2% probability
282,4769.png has consolidation with 50.04% probability
283,8410.png has consolidation with 56.81% probability
284,18522.png has consolidation with 52.01% probability
285,14748.png has consolidation with 50.53% probability
286,771.png has consolidation with 56.07% probability
287,18647.png has consolidation with 54.8% probability
288,5700.png has consolidation with 50.73% probability
289,6605.png has consolidation with 51.47% probability
290,16651.png has consolidation with 56.78% probability
291,3747.png has consolidation with 51.47% probability
292,2855.png has consolidation with 52.84% probability
293,5165.png has consolidation with 55.31% probability
294,4301.png has consolidation with 52.67% probability
295,367.png has consolidation with 50.89% probability
296,4527.png has consolidation with 52.81% probability
297,13474.png has consolidation with 52.51% probability
298,7568.png has consolidation with 52.04% probability
299,6481.png has consolidation with 51.29% probability
300,11473.png has consolidation with 62.15% probability
301,915.png has consolidation with 50.42% probability
302,7107.png has consolidation with 50.39% probability
303,11785.png has consolidation with 60.8% probability
304,7356.png has consolidation with 65.28% probability
305,988.png has consolidation with 54.07% probability
306,14411.png has consolidation with 60.53% probability
307,12664.png has consolidation with 51.59% probability
308,11605.png has consolidation with 50.07% probability
309,19190.png has consolidation with 51.39% probability
310,8664.png has consolidation with 54.71% probability
311,16532.png has consolidation with 50.36% probability
312,10278.png has consolidation with 50.31% probability
313,19490.png has consolidation with 53.18% probability
314,6042.png has consolidation with 52.34% probability
315,77.png has consolidation with 52.53% probability
316,1575.png has consolidation with 51.49% probability
317,3765.png has consolidation with 50.81% probability
318,9004.png has consolidation with 53.7% probability
319,6936.png has consolidation with 52.01% probability
320,13665.png has consolidation with 52.1% probability
321,16933.png has consolidation with 59.36% probability
322,9648.png has consolidation with 52.21% probability
323,18343.png has consolidation with 58.4% probability
324,15321.png has consolidation with 52.94% probability
325,7330.png has consolidation with 55.2% probability
326,6181.png has consolidation with 52.47% probability
327,5082.png has consolidation with 54.96% probability
328,14615.png has consolidation with 56.85% probability
329,17304.png has consolidation with 64.18% probability
330,8056.png has consolidation with 58.47% probability
331,17657.png has consolidation with 51.34% probability
332,18222.png has consolidation with 53.15% probability
333,572.png has consolidation with 54.95% probability
334,2889.png has consolidation with 51.11% probability
335,5661.png has consolidation with 50.55% probability
336,515.png has consolidation with 68.1% probability
337,8248.png has consolidation with 56.78% probability
338,3799.png has consolidation with 55.1% probability
339,14883.png has consolidation with 54.37% probability
340,9059.png has consolidation with 50.13% probability
341,1583.png has consolidation with 52.25% probability
342,13688.png has consolidation with 50.32% probability
343,15370.png has consolidation with 58.75% probability
344,13799.png has consolidation with 54.43% probability
345,5370.png has consolidation with 53.93% probability
346,13374.png has consolidation with 53.23% probability
347,5251.png has consolidation with 54.44% probability
348,3419.png has consolidation with 51.75% probability
349,17923.png has consolidation with 50.3% probability
350,9438.png has consolidation with 57.21% probability
351,7052.png has consolidation with 53.78% probability
352,17909.png has consolidation with 50.39% probability
353,17718.png has consolidation with 52.76% probability
354,12035.png has consolidation with 50.21% probability
355,2510.png has consolidation with 51.15% probability
356,12867.png has consolidation with 50.65% probability
357,6027.png has consolidation with 51.12% probability
358,4474.png has consolidation with 56.37% probability
359,308.png has consolidation with 54.61% probability
360,12273.png has consolidation with 55.16% probability
361,10023.png has consolidation with 50.75% probability
362,15854.png has consolidation with 51.33% probability
363,14737.png has consolidation with 52.5% probability
364,15594.png has consolidation with 50.75% probability
365,3064.png has consolidation with 50.6% probability
366,5802.png has consolidation with 50.73% probability
367,9547.png has consolidation with 59.44% probability
368,8222.png has consolidation with 54.73% probability
369,14744.png has consolidation with 53.88% probability
370,18267.png has consolidation with 60.71% probability
371,16316.png has consolidation with 50.13% probability
372,10752.png has consolidation with 50.09% probability
373,1553.png has consolidation with 53.84% probability
374,972.png has consolidation with 56.49% probability
375,13622.png has consolidation with 56.28% probability
376,14528.png has consolidation with 52.97% probability
377,6328.png has consolidation with 55.57% probability
378,17236.png has consolidation with 53.38% probability
379,710.png has consolidation with 50.75% probability
380,10365.png has consolidation with 53.61% probability
381,6293.png has consolidation with 53.84% probability
382,13289.png has consolidation with 57.14% probability
383,5424.png has consolidation with 53.29% probability
384,15282.png has consolidation with 66.84% probability
385,6577.png has consolidation with 50.21% probability
386,18199.png has consolidation with 52.02% probability
387,3348.png has consolidation with 50.39% probability
388,9646.png has consolidation with 53.58% probability
389,17073.png has consolidation with 50.92% probability
390,11552.png has consolidation with 53.19% probability
391,2973.png has consolidation with 54.72% probability
392,6934.png has consolidation with 54.8% probability
393,18964.png has consolidation with 51.39% probability
394,3689.png has consolidation with 51.93% probability
395,12188.png has consolidation with 52.05% probability
396,12556.png has consolidation with 50.83% probability
397,12666.png has consolidation with 50.02% probability
398,12161.png has consolidation with 50.19% probability
399,13759.png has consolidation with 52.84% probability
400,16092.png has consolidation with 53.94% probability
401,4728.png has consolidation with 56.77% probability
402,13854.png has consolidation with 52.1% probability
403,1582.png has consolidation with 58.42% probability
404,4799.png has consolidation with 54.37% probability
405,15045.png has consolidation with 50.52% probability
406,11643.png has consolidation with 57.3% probability
407,3509.png has consolidation with 52.15% probability
408,10913.png has consolidation with 52.03% probability
409,5087.png has consolidation with 50.82% probability
410,2824.png has consolidation with 50.35% probability
411,1759.png has consolidation with 50.0% probability
412,11501.png has consolidation with 57.93% probability
413,17322.png has consolidation with 58.42% probability
414,9977.png has consolidation with 50.98% probability
415,9670.png has consolidation with 54.47% probability
416,2272.png has consolidation with 55.45% probability
417,18561.png has consolidation with 51.41% probability
418,13006.png has consolidation with 54.06% probability
419,9277.png has consolidation with 53.4% probability
420,5132.png has consolidation with 50.2% probability
421,19295.png has consolidation with 52.9% probability
422,16967.png has consolidation with 54.2% probability
423,9299.png has consolidation with 50.1% probability
424,13800.png has consolidation with 50.97% probability
425,15344.png has consolidation with 63.18% probability
426,14289.png has consolidation with 64.36% probability
427,15547.png has consolidation with 55.45% probability
428,6070.png has consolidation with 50.59% probability
429,10747.png has consolidation with 59.05% probability
430,16466.png has consolidation with 53.59% probability
431,4708.png has consolidation with 50.18% probability
432,15531.png has consolidation with 51.71% probability
433,1398.png has consolidation with 53.4% probability
434,6306.png has consolidation with 50.06% probability
435,12438.png has consolidation with 50.12% probability
436,11016.png has consolidation with 51.8% probability
437,12080.png has consolidation with 50.04% probability
438,16372.png has consolidation with 51.85% probability
439,18119.png has consolidation with 53.64% probability
440,11389.png has consolidation with 52.53% probability
441,6714.png has consolidation with 51.22% probability
442,16764.png has consolidation with 58.7% probability
443,13140.png has consolidation with 54.04% probability
444,19086.png has consolidation with 50.34% probability
445,16152.png has consolidation with 50.64% probability
446,6697.png has consolidation with 53.65% probability
447,12387.png has consolidation with 66.67% probability
448,3190.png has consolidation with 56.31% probability
449,15403.png has consolidation with 55.17% probability
450,2643.png has consolidation with 53.21% probability
451,13210.png has consolidation with 54.77% probability
452,17213.png has consolidation with 56.48% probability
453,15380.png has consolidation with 52.85% probability
454,13012.png has consolidation with 50.45% probability
455,15457.png has consolidation with 53.26% probability
456,19399.png has consolidation with 58.75% probability
457,4687.png has consolidation with 51.37% probability
458,13304.png has consolidation with 52.93% probability
459,1707.png has consolidation with 52.85% probability
460,17195.png has consolidation with 50.16% probability
461,19177.png has consolidation with 54.61% probability
462,19789.png has consolidation with 50.74% probability
463,14929.png has consolidation with 53.73% probability
464,9890.png has consolidation with 50.76% probability
465,3585.png has consolidation with 54.79% probability
466,16259.png has consolidation with 60.97% probability
467,12833.png has consolidation with 50.12% probability
468,17960.png has consolidation with 51.3% probability
469,1031.png has consolidation with 59.91% probability
470,1755.png has consolidation with 57.96% probability
471,2917.png has consolidation with 54.76% probability
472,13382.png has consolidation with 61.66% probability
473,1963.png has consolidation with 51.25% probability
474,6846.png has consolidation with 51.15% probability
475,3474.png has consolidation with 64.38% probability
476,10760.png has consolidation with 52.84% probability
477,3205.png has consolidation with 51.72% probability
478,6369.png has consolidation with 53.92% probability
479,5300.png has consolidation with 50.46% probability
480,15220.png has consolidation with 52.82% probability
481,12232.png has consolidation with 53.4% probability
482,1161.png has consolidation with 56.87% probability
483,668.png has consolidation with 54.05% probability
484,18430.png has consolidation with 51.49% probability
485,11877.png has consolidation with 51.22% probability
486,5613.png has consolidation with 53.16% probability
487,1648.png has consolidation with 67.37% probability
488,9664.png has consolidation with 55.14% probability
489,6545.png has consolidation with 50.82% probability
490,7141.png has consolidation with 50.42% probability
491,3268.png has consolidation with 60.71% probability
492,12414.png has consolidation with 54.7% probability
493,10585.png has consolidation with 51.2% probability
494,19712.png has consolidation with 50.89% probability
495,6663.png has consolidation with 51.23% probability
496,4622.png has consolidation with 50.07% probability
497,15412.png has consolidation with 50.76% probability
498,13443.png has consolidation with 50.31% probability
499,4142.png has consolidation with 50.63% probability
500,13370.png has consolidation with 62.21% probability
501,12938.png has consolidation with 53.56% probability
502,71.png has consolidation with 55.25% probability
503,9248.png has consolidation with 50.11% probability
504,18093.png has consolidation with 54.94% probability
505,18715.png has consolidation with 57.88% probability
506,9173.png has consolidation with 57.32% probability
507,10744.png has consolidation with 51.67% probability
508,11540.png has consolidation with 50.93% probability
509,822.png has consolidation with 53.92% probability
510,18240.png has consolidation with 50.86% probability
511,18488.png has consolidation with 50.76% probability
512,1665.png has consolidation with 50.71% probability
513,5548.png has consolidation with 54.4% probability
514,12238.png has consolidation with 56.94% probability
515,19956.png has consolidation with 55.07% probability
516,16745.png has consolidation with 50.37% probability
517,10538.png has consolidation with 51.43% probability
518,14674.png has consolidation with 51.21% probability
519,13864.png has consolidation with 50.83% probability
520,557.png has consolidation with 52.51% probability
521,7900.png has consolidation with 53.63% probability
522,1530.png has consolidation with 56.42% probability
523,15201.png has consolidation with 51.44% probability
524,2701.png has consolidation with 55.46% probability
525,10578.png has consolidation with 52.1% probability
526,2263.png has consolidation with 53.22% probability
527,18679.png has consolidation with 50.26% probability
528,9478.png has consolidation with 54.67% probability
529,10272.png has consolidation with 51.03% probability
530,19050.png has consolidation with 51.3% probability
531,18340.png has consolidation with 50.67% probability
532,15894.png has consolidation with 55.24% probability
533,11489.png has consolidation with 51.63% probability
534,18389.png has consolidation with 51.64% probability
535,2026.png has consolidation with 54.75% probability
536,19885.png has consolidation with 52.64% probability
537,19906.png has consolidation with 50.94% probability
538,10786.png has consolidation with 58.3% probability
539,5253.png has consolidation with 51.15% probability
540,8676.png has consolidation with 53.64% probability
541,1691.png has consolidation with 55.21% probability
542,2719.png has consolidation with 51.32% probability
543,7722.png has consolidation with 55.79% probability
544,14029.png has consolidation with 52.21% probability
545,2260.png has consolidation with 50.04% probability
546,6793.png has consolidation with 54.09% probability
547,5211.png has consolidation with 50.19% probability
548,11223.png has consolidation with 51.19% probability
549,18986.png has consolidation with 50.88% probability
550,12819.png has consolidation with 52.52% probability
551,7239.png has consolidation with 51.51% probability
552,1922.png has consolidation with 54.61% probability
553,12061.png has consolidation with 51.46% probability
554,15755.png has consolidation with 54.67% probability
555,14603.png has consolidation with 51.34% probability
556,12018.png has consolidation with 60.4% probability
557,10769.png has consolidation with 53.13% probability
558,19260.png has consolidation with 57.64% probability
559,5460.png has consolidation with 51.88% probability
560,11178.png has consolidation with 64.52% probability
561,10016.png has consolidation with 52.4% probability
562,3904.png has consolidation with 60.44% probability
563,10370.png has consolidation with 54.07% probability
564,17056.png has consolidation with 51.6% probability
565,15405.png has consolidation with 53.99% probability
566,7122.png has consolidation with 50.81% probability
567,12557.png has consolidation with 57.58% probability
568,1882.png has consolidation with 51.86% probability
569,10170.png has consolidation with 65.05% probability
570,8395.png has consolidation with 61.02% probability
571,4112.png has consolidation with 54.14% probability
572,8799.png has consolidation with 55.11% probability
573,15886.png has consolidation with 54.27% probability
574,5940.png has consolidation with 54.2% probability
575,10582.png has consolidation with 52.12% probability
576,11099.png has consolidation with 50.68% probability
577,3984.png has consolidation with 60.3% probability
578,4853.png has consolidation with 50.48% probability
579,13945.png has consolidation with 52.63% probability
580,9143.png has consolidation with 65.31% probability
581,8272.png has consolidation with 55.47% probability
582,19554.png has consolidation with 53.24% probability
583,1135.png has consolidation with 57.7% probability
584,7201.png has consolidation with 54.52% probability
585,8234.png has consolidation with 59.41% probability
586,5341.png has consolidation with 50.19% probability
587,17547.png has consolidation with 51.57% probability
588,10052.png has consolidation with 51.43% probability
589,19258.png has consolidation with 50.92% probability
590,7865.png has consolidation with 50.97% probability
591,19261.png has consolidation with 52.2% probability
592,5998.png has consolidation with 50.62% probability
593,18114.png has consolidation with 54.34% probability
594,10911.png has consolidation with 52.58% probability
595,1717.png has consolidation with 51.28% probability
596,6411.png has consolidation with 53.22% probability
597,9491.png has consolidation with 57.66% probability
598,12630.png has consolidation with 50.94% probability
599,1873.png has consolidation with 50.28% probability
600,2099.png has consolidation with 54.37% probability
601,9121.png has consolidation with 54.05% probability
602,5117.png has consolidation with 50.5% probability
603,18150.png has consolidation with 55.98% probability
604,1680.png has consolidation with 50.68% probability
605,19660.png has consolidation with 59.97% probability
606,8572.png has consolidation with 51.2% probability
607,16653.png has consolidation with 50.33% probability
608,2486.png has consolidation with 52.52% probability
609,11969.png has consolidation with 53.99% probability
610,9292.png has consolidation with 53.34% probability
611,13429.png has consolidation with 51.26% probability
612,8550.png has consolidation with 51.3% probability
613,15610.png has consolidation with 53.14% probability
614,17281.png has consolidation with 51.07% probability
615,5327.png has consolidation with 50.04% probability
616,7092.png has consolidation with 57.16% probability
617,1311.png has consolidation with 50.76% probability
618,11783.png has consolidation with 50.23% probability
619,9922.png has consolidation with 55.39% probability
620,14561.png has consolidation with 53.73% probability
621,13641.png has consolidation with 51.4% probability
622,15296.png has consolidation with 52.48% probability
623,19665.png has consolidation with 53.69% probability
624,17911.png has consolidation with 50.04% probability
625,6300.png has consolidation with 51.98% probability
626,3065.png has consolidation with 62.6% probability
627,17685.png has consolidation with 60.4% probability
628,5080.png has consolidation with 51.74% probability
629,14059.png has consolidation with 65.06% probability
630,372.png has consolidation with 50.73% probability
631,15641.png has consolidation with 50.75% probability
632,1740.png has consolidation with 51.3% probability
633,6884.png has consolidation with 52.25% probability
634,16127.png has consolidation with 50.28% probability
635,2028.png has consolidation with 53.73% probability
636,15557.png has consolidation with 52.39% probability
637,9684.png has consolidation with 59.0% probability
638,15360.png has consolidation with 53.21% probability
639,7174.png has consolidation with 53.57% probability
640,7460.png has consolidation with 51.85% probability
641,14648.png has consolidation with 50.96% probability
642,3410.png has consolidation with 53.38% probability
643,18029.png has consolidation with 52.47% probability
644,15444.png has consolidation with 50.63% probability
645,18039.png has consolidation with 51.84% probability
646,9041.png has consolidation with 51.78% probability
647,11347.png has consolidation with 51.85% probability
648,9902.png has consolidation with 54.45% probability
649,13496.png has consolidation with 50.34% probability
650,14407.png has consolidation with 51.06% probability
651,15532.png has consolidation with 51.51% probability
652,5917.png has consolidation with 62.92% probability
653,10745.png has consolidation with 58.15% probability
654,16719.png has consolidation with 62.01% probability
655,11967.png has consolidation with 52.02% probability
656,16006.png has consolidation with 50.02% probability
657,575.png has consolidation with 51.56% probability
658,2170.png has consolidation with 54.99% probability
659,16011.png has consolidation with 52.81% probability
660,10455.png has consolidation with 50.16% probability
661,787.png has consolidation with 58.52% probability
662,11053.png has consolidation with 51.66% probability
663,9970.png has consolidation with 50.99% probability
664,5090.png has consolidation with 67.66% probability
665,3141.png has consolidation with 53.91% probability
666,13545.png has consolidation with 53.71% probability
667,336.png has consolidation with 51.53% probability
668,12336.png has consolidation with 50.16% probability
669,1613.png has consolidation with 50.55% probability
670,18987.png has consolidation with 60.39% probability
671,2735.png has consolidation with 52.12% probability
672,2575.png has consolidation with 59.84% probability
673,18863.png has consolidation with 51.7% probability
674,2470.png has consolidation with 54.98% probability
675,1972.png has consolidation with 56.5% probability
676,7596.png has consolidation with 50.32% probability
677,12815.png has consolidation with 50.26% probability
678,2389.png has consolidation with 52.79% probability
679,9535.png has consolidation with 54.12% probability
680,7698.png has consolidation with 53.57% probability
681,19001.png has consolidation with 58.97% probability
682,13251.png has consolidation with 53.31% probability
683,2654.png has consolidation with 56.92% probability
684,14020.png has consolidation with 51.9% probability
685,12831.png has consolidation with 50.96% probability
686,10705.png has consolidation with 51.86% probability
687,18799.png has consolidation with 51.44% probability
688,9497.png has consolidation with 51.62% probability
689,675.png has consolidation with 50.35% probability
690,13038.png has consolidation with 51.86% probability
691,12072.png has consolidation with 51.31% probability
692,1483.png has consolidation with 51.69% probability
693,1884.png has consolidation with 52.5% probability
694,13815.png has consolidation with 52.23% probability
695,13231.png has consolidation with 54.68% probability
696,3703.png has consolidation with 50.43% probability
697,13352.png has consolidation with 50.36% probability
698,15899.png has consolidation with 52.68% probability
699,10666.png has consolidation with 50.13% probability
700,17608.png has consolidation with 51.65% probability
701,12997.png has consolidation with 56.58% probability
702,8932.png has consolidation with 53.48% probability
703,11027.png has consolidation with 54.05% probability
704,9186.png has consolidation with 55.24% probability
705,2261.png has consolidation with 54.38% probability
706,17926.png has consolidation with 51.31% probability
707,6256.png has consolidation with 51.48% probability
708,11041.png has consolidation with 53.73% probability
709,8583.png has consolidation with 54.2% probability
710,11857.png has consolidation with 53.88% probability
711,2823.png has consolidation with 52.31% probability
712,3960.png has consolidation with 56.01% probability
713,5714.png has consolidation with 51.57% probability
714,7281.png has consolidation with 51.17% probability
715,2053.png has consolidation with 54.29% probability
716,15046.png has consolidation with 51.91% probability
717,11077.png has consolidation with 54.2% probability
718,12253.png has consolidation with 53.18% probability
719,1548.png has consolidation with 53.41% probability
720,10631.png has consolidation with 51.35% probability
721,6072.png has consolidation with 60.78% probability
722,13652.png has consolidation with 56.49% probability
723,4090.png has consolidation with 53.43% probability
724,1630.png has consolidation with 52.47% probability
725,1905.png has consolidation with 50.09% probability
726,12916.png has consolidation with 51.01% probability
727,12443.png has consolidation with 57.13% probability
728,8959.png has consolidation with 54.28% probability
729,1088.png has consolidation with 56.0% probability
730,5323.png has consolidation with 51.81% probability
731,1170.png has consolidation with 55.57% probability
732,17178.png has consolidation with 59.63% probability
733,3357.png has consolidation with 51.68% probability
734,16742.png has consolidation with 50.75% probability
735,19874.png has consolidation with 52.16% probability
736,6322.png has consolidation with 51.71% probability
737,9748.png has consolidation with 50.18% probability
738,1927.png has consolidation with 53.17% probability
739,6225.png has consolidation with 50.08% probability
740,6856.png has consolidation with 50.31% probability
741,10410.png has consolidation with 51.41% probability
742,12062.png has consolidation with 57.75% probability
743,19056.png has consolidation with 51.09% probability
744,8717.png has consolidation with 55.6% probability
745,6548.png has consolidation with 53.96% probability
746,7916.png has consolidation with 51.83% probability
747,6715.png has consolidation with 59.25% probability
748,7666.png has consolidation with 52.06% probability
749,5540.png has consolidation with 57.43% probability
750,363.png has consolidation with 52.91% probability
751,15684.png has consolidation with 57.26% probability
752,111.png has consolidation with 53.93% probability
753,9328.png has consolidation with 53.75% probability
754,8772.png has consolidation with 52.47% probability
755,13064.png has consolidation with 50.71% probability
756,17956.png has consolidation with 54.09% probability
757,14608.png has consolidation with 56.41% probability
758,10812.png has consolidation with 51.42% probability
759,15248.png has consolidation with 52.05% probability
760,10281.png has consolidation with 50.52% probability
761,8386.png has consolidation with 52.48% probability
762,11054.png has consolidation with 50.98% probability
763,13872.png has consolidation with 54.43% probability
764,10.png has consolidation with 54.41% probability
765,412.png has consolidation with 54.32% probability
766,6899.png has consolidation with 54.71% probability
767,8331.png has consolidation with 56.42% probability
768,8259.png has consolidation with 51.99% probability
769,5162.png has consolidation with 51.58% probability
770,428.png has consolidation with 51.66% probability
771,8267.png has consolidation with 58.88% probability
772,1180.png has consolidation with 51.21% probability
773,13964.png has consolidation with 50.62% probability
774,10451.png has consolidation with 61.88% probability
775,17845.png has consolidation with 53.43% probability
776,10870.png has consolidation with 54.56% probability
777,15522.png has consolidation with 50.62% probability
778,954.png has consolidation with 53.92% probability
779,4992.png has consolidation with 53.08% probability
780,13367.png has consolidation with 60.46% probability
781,7086.png has consolidation with 56.62% probability
782,16479.png has consolidation with 50.15% probability
783,11200.png has consolidation with 51.83% probability
784,5268.png has consolidation with 51.06% probability
785,10391.png has consolidation with 56.59% probability
786,6094.png has consolidation with 54.33% probability
787,15485.png has consolidation with 50.38% probability
788,3008.png has consolidation with 50.35% probability
789,14222.png has consolidation with 52.88% probability
790,3458.png has consolidation with 66.27% probability
791,4620.png has consolidation with 53.58% probability
792,4865.png has consolidation with 55.07% probability
793,16400.png has consolidation with 60.46% probability
794,4071.png has consolidation with 54.4% probability
795,11001.png has consolidation with 50.55% probability
796,11652.png has consolidation with 50.89% probability
797,4097.png has consolidation with 51.64% probability
798,1903.png has consolidation with 50.87% probability
799,18444.png has consolidation with 58.35% probability
800,16278.png has consolidation with 51.7% probability
801,16622.png has consolidation with 51.79% probability
802,2833.png has consolidation with 51.55% probability
803,981.png has consolidation with 50.76% probability
804,15906.png has consolidation with 50.71% probability
805,6357.png has consolidation with 51.32% probability
806,13638.png has consolidation with 51.82% probability
807,12218.png has consolidation with 52.02% probability
808,6408.png has consolidation with 51.52% probability
809,3751.png has consolidation with 50.74% probability
810,10871.png has consolidation with 53.05% probability
811,8415.png has consolidation with 61.66% probability
812,5904.png has consolidation with 52.38% probability
813,4205.png has consolidation with 52.67% probability
814,13387.png has consolidation with 50.68% probability
815,10117.png has consolidation with 50.1% probability
816,4396.png has consolidation with 58.39% probability
817,16770.png has consolidation with 53.69% probability
818,18427.png has consolidation with 54.01% probability
819,2703.png has consolidation with 52.51% probability
820,857.png has consolidation with 52.64% probability
821,12126.png has consolidation with 50.11% probability
822,17784.png has consolidation with 50.54% probability
823,6398.png has consolidation with 52.06% probability
824,8580.png has consolidation with 50.88% probability
825,11006.png has consolidation with 57.66% probability
826,16366.png has consolidation with 50.16% probability
827,19356.png has consolidation with 52.13% probability
828,3034.png has consolidation with 51.42% probability
829,15384.png has consolidation with 50.74% probability
830,14820.png has consolidation with 51.85% probability
831,12490.png has consolidation with 51.36% probability
832,4481.png has consolidation with 51.8% probability
833,11125.png has consolidation with 50.48% probability
834,18055.png has consolidation with 54.02% probability
835,4231.png has consolidation with 50.84% probability
836,10732.png has consolidation with 50.12% probability
837,16531.png has consolidation with 50.56% probability
838,1384.png has consolidation with 50.29% probability
839,5423.png has consolidation with 52.26% probability
840,1256.png has consolidation with 51.08% probability
841,14296.png has consolidation with 51.67% probability
842,15473.png has consolidation with 54.34% probability
843,14026.png has consolidation with 58.91% probability
844,19076.png has consolidation with 52.11% probability
845,8001.png has consolidation with 53.95% probability
846,6108.png has consolidation with 51.77% probability
847,7917.png has consolidation with 51.47% probability
848,129.png has consolidation with 50.48% probability
849,16293.png has consolidation with 58.85% probability
850,13466.png has consolidation with 62.88% probability
851,18713.png has consolidation with 52.29% probability
852,10141.png has consolidation with 57.75% probability
853,9045.png has consolidation with 55.03% probability
854,11856.png has consolidation with 53.13% probability
855,4010.png has consolidation with 51.12% probability
856,13900.png has consolidation with 56.97% probability
857,7806.png has consolidation with 52.37% probability
858,8090.png has consolidation with 51.96% probability
859,16870.png has consolidation with 52.5% probability
860,5747.png has consolidation with 50.03% probability
861,7323.png has consolidation with 53.0% probability
862,5538.png has consolidation with 56.91% probability
863,8003.png has consolidation with 53.81% probability
864,251.png has consolidation with 51.8% probability
865,17263.png has consolidation with 51.18% probability
866,5254.png has consolidation with 56.1% probability
867,15447.png has consolidation with 50.17% probability
868,399.png has consolidation with 51.3% probability
869,799.png has consolidation with 50.23% probability
870,17802.png has consolidation with 52.14% probability
871,8552.png has consolidation with 50.29% probability
872,18592.png has consolidation with 53.71% probability
873,6606.png has consolidation with 52.28% probability
874,4648.png has consolidation with 50.34% probability
875,4026.png has consolidation with 51.71% probability
876,14341.png has consolidation with 51.7% probability
877,3791.png has consolidation with 53.05% probability
878,19868.png has consolidation with 62.24% probability
879,9899.png has consolidation with 52.58% probability
880,17112.png has consolidation with 53.19% probability
881,1327.png has consolidation with 53.18% probability
882,19386.png has consolidation with 51.03% probability
883,862.png has consolidation with 56.03% probability
884,10112.png has consolidation with 50.67% probability
885,13100.png has consolidation with 50.88% probability
886,16207.png has consolidation with 61.31% probability
887,1493.png has consolidation with 50.83% probability
888,15318.png has consolidation with 52.46% probability
889,5183.png has consolidation with 51.72% probability
890,6788.png has consolidation with 53.42% probability
891,4431.png has consolidation with 64.4% probability
892,6071.png has consolidation with 60.33% probability
893,10212.png has consolidation with 52.42% probability
894,14792.png has consolidation with 51.62% probability
895,4827.png has consolidation with 66.06% probability
896,9457.png has consolidation with 55.59% probability
897,9274.png has consolidation with 50.78% probability
898,5550.png has consolidation with 50.25% probability
899,5550.png has consolidation with 51.43% probability
900,10331.png has consolidation with 87.81% probability
901,395.png has consolidation with 52.26% probability
902,429.png has consolidation with 86.06% probability
903,8022.png has consolidation with 54.8% probability
904,3938.png has consolidation with 70.16% probability
905,6701.png has consolidation with 64.88% probability
906,7936.png has consolidation with 95.91% probability
907,3210.png has consolidation with 64.32% probability
908,8210.png has consolidation with 81.93% probability
909,19822.png has consolidation with 59.86% probability
910,1955.png has consolidation with 67.92% probability
911,3637.png has consolidation with 51.16% probability
912,12934.png has consolidation with 87.47% probability
913,1879.png has consolidation with 75.73% probability
914,12642.png has consolidation with 59.88% probability
915,4673.png has consolidation with 84.84% probability
916,6552.png has consolidation with 85.09% probability
917,18668.png has consolidation with 78.54% probability
918,16109.png has consolidation with 67.19% probability
919,5465.png has consolidation with 91.79% probability
920,11893.png has consolidation with 51.78% probability
921,10471.png has consolidation with 85.52% probability
922,10227.png has consolidation with 86.24% probability
923,3222.png has consolidation with 88.55% probability
924,13472.png has consolidation with 72.37% probability
925,12848.png has consolidation with 65.32% probability
926,16947.png has consolidation with 58.68% probability
927,15184.png has consolidation with 57.39% probability
928,3997.png has consolidation with 56.49% probability
929,13829.png has consolidation with 63.14% probability
930,15507.png has consolidation with 71.51% probability
931,6808.png has consolidation with 51.04% probability
932,14605.png has consolidation with 74.57% probability
933,14436.png has consolidation with 59.28% probability
934,6013.png has consolidation with 66.46% probability
935,1463.png has consolidation with 75.24% probability
936,6628.png has consolidation with 59.37% probability
937,16464.png has consolidation with 54.84% probability
938,1775.png has consolidation with 89.94% probability
939,1697.png has consolidation with 87.88% probability
940,10126.png has consolidation with 85.87% probability
941,935.png has consolidation with 54.32% probability
942,4033.png has consolidation with 91.8% probability
943,12853.png has consolidation with 80.43% probability
944,14759.png has consolidation with 91.68% probability
945,15620.png has consolidation with 76.18% probability
946,4030.png has consolidation with 84.32% probability
947,14709.png has consolidation with 61.62% probability
948,18200.png has consolidation with 99.11% probability
949,13416.png has consolidation with 52.42% probability
950,592.png has consolidation with 52.13% probability
951,9788.png has consolidation with 89.4% probability
952,7747.png has consolidation with 77.52% probability
953,5841.png has consolidation with 81.41% probability
954,16515.png has consolidation with 72.12% probability
955,12303.png has consolidation with 63.82% probability
956,7301.png has consolidation with 87.55% probability
957,2825.png has consolidation with 74.38% probability
958,5665.png has consolidation with 63.53% probability
959,5426.png has consolidation with 72.32% probability
960,6340.png has consolidation with 88.98% probability
961,11438.png has consolidation with 85.47% probability
962,12022.png has consolidation with 69.77% probability
963,4980.png has consolidation with 78.22% probability
964,5795.png has consolidation with 91.97% probability
965,13497.png has consolidation with 52.49% probability
966,14168.png has consolidation with 54.35% probability
967,19265.png has consolidation with 51.49% probability
968,18527.png has consolidation with 90.0% probability
969,17028.png has consolidation with 57.92% probability
970,8911.png has consolidation with 60.92% probability
971,3315.png has consolidation with 67.68% probability
972,13705.png has consolidation with 72.66% probability
973,17450.png has consolidation with 69.24% probability
974,1812.png has consolidation with 61.41% probability
975,4461.png has consolidation with 57.05% probability
976,3080.png has consolidation with 97.15% probability
977,5660.png has consolidation with 73.36% probability
978,13914.png has consolidation with 75.05% probability
979,6914.png has consolidation with 75.34% probability
980,1538.png has consolidation with 72.01% probability
981,5395.png has consolidation with 88.78% probability
982,518.png has consolidation with 80.15% probability
983,8533.png has consolidation with 51.31% probability
984,2052.png has consolidation with 58.99% probability
985,18840.png has consolidation with 53.51% probability
986,8235.png has consolidation with 77.41% probability
987,17168.png has consolidation with 72.72% probability
988,18673.png has consolidation with 89.58% probability
989,14828.png has consolidation with 91.69% probability
990,8559.png has consolidation with 77.56% probability
991,12913.png has consolidation with 92.25% probability
992,19632.png has consolidation with 75.12% probability
993,6462.png has consolidation with 74.29% probability
994,7001.png has consolidation with 55.92% probability
995,12935.png has consolidation with 76.67% probability
996,16626.png has consolidation with 59.55% probability
997,6940.png has consolidation with 53.66% probability
998,8461.png has consolidation with 89.17% probability
999,11726.png has consolidation with 67.96% probability
1000,8593.png has consolidation with 76.42% probability
1001,15065.png has consolidation with 86.61% probability
1002,963.png has consolidation with 62.14% probability
1003,2335.png has consolidation with 76.05% probability
1004,4915.png has consolidation with 73.19% probability
1005,19151.png has consolidation with 82.67% probability
1006,13946.png has consolidation with 87.51% probability
1007,5706.png has consolidation with 71.53% probability
1008,10463.png has consolidation with 59.38% probability
1009,16593.png has consolidation with 54.32% probability
1010,8194.png has consolidation with 84.53% probability
1011,12580.png has consolidation with 92.01% probability
1012,4711.png has consolidation with 54.28% probability
1013,12495.png has consolidation with 75.23% probability
1014,7213.png has consolidation with 92.96% probability
1015,9361.png has consolidation with 59.45% probability
1016,16502.png has consolidation with 94.49% probability
1017,2310.png has consolidation with 73.94% probability
1018,9708.png has consolidation with 50.32% probability
1019,12153.png has consolidation with 93.51% probability
1020,6370.png has consolidation with 54.02% probability
1021,15667.png has consolidation with 54.63% probability
1022,16119.png has consolidation with 92.97% probability
1023,16833.png has consolidation with 53.45% probability
1024,13852.png has consolidation with 78.89% probability
1025,19208.png has consolidation with 81.96% probability
1026,13030.png has consolidation with 97.54% probability
1027,2981.png has consolidation with 50.05% probability
1028,2866.png has consolidation with 73.56% probability
1029,15438.png has consolidation with 59.22% probability
1030,2789.png has consolidation with 73.83% probability
1031,17173.png has consolidation with 75.21% probability
1032,1071.png has consolidation with 51.76% probability
1033,13479.png has consolidation with 59.61% probability
1034,13405.png has consolidation with 60.98% probability
1035,456.png has consolidation with 76.51% probability
1036,17423.png has consolidation with 80.6% probability
1037,8711.png has consolidation with 52.11% probability
1038,15640.png has consolidation with 88.71% probability
1039,16546.png has consolidation with 80.86% probability
1040,8877.png has consolidation with 51.55% probability
1041,12419.png has consolidation with 93.04% probability
1042,10488.png has consolidation with 64.35% probability
1043,5293.png has consolidation with 90.35% probability
1044,18904.png has consolidation with 62.95% probability
1045,11496.png has consolidation with 96.52% probability
1046,346.png has consolidation with 87.33% probability
1047,2539.png has consolidation with 52.85% probability
1048,11221.png has consolidation with 60.37% probability
1049,12945.png has consolidation with 66.21% probability
1050,12377.png has consolidation with 60.95% probability
1051,291.png has consolidation with 78.15% probability
1052,667.png has consolidation with 72.8% probability
1053,13855.png has consolidation with 81.96% probability
1054,13419.png has consolidation with 51.75% probability
1055,1013.png has consolidation with 73.86% probability
1056,9744.png has consolidation with 53.17% probability
1057,11753.png has consolidation with 70.47% probability
1058,6986.png has consolidation with 76.78% probability
1059,8275.png has consolidation with 72.58% probability
1060,12319.png has consolidation with 76.14% probability
1061,730.png has consolidation with 53.34% probability
1062,19122.png has consolidation with 78.16% probability
1063,8685.png has consolidation with 86.53% probability
1064,10706.png has consolidation with 89.57% probability
1065,2496.png has consolidation with 80.39% probability
1066,10464.png has consolidation with 63.37% probability
1067,4797.png has consolidation with 63.54% probability
1068,4491.png has consolidation with 87.96% probability
1069,9697.png has consolidation with 95.77% probability
1070,14140.png has consolidation with 82.66% probability
1071,15652.png has consolidation with 96.24% probability
1072,9656.png has consolidation with 67.46% probability
1073,9420.png has consolidation with 59.2% probability
1074,18274.png has consolidation with 91.66% probability
1075,18432.png has consolidation with 59.67% probability
1076,4949.png has consolidation with 57.0% probability
1077,15109.png has consolidation with 80.9% probability
1078,6373.png has consolidation with 64.46% probability
1079,19935.png has consolidation with 58.53% probability
1080,18078.png has consolidation with 63.8% probability
1081,2454.png has consolidation with 60.0% probability
1082,14790.png has consolidation with 70.42% probability
1083,12207.png has consolidation with 66.77% probability
1084,14470.png has consolidation with 87.88% probability
1085,16540.png has consolidation with 61.55% probability
1086,7406.png has consolidation with 58.77% probability
1087,6208.png has consolidation with 76.34% probability
1088,11185.png has consolidation with 95.85% probability
1089,11040.png has consolidation with 85.0% probability
1090,14641.png has consolidation with 82.2% probability
1091,18322.png has consolidation with 94.98% probability
1092,17124.png has consolidation with 93.18% probability
1093,8704.png has consolidation with 77.74% probability
1094,11997.png has consolidation with 51.85% probability
1095,10089.png has consolidation with 54.47% probability
1096,6828.png has consolidation with 85.55% probability
1097,7915.png has consolidation with 62.85% probability
1098,17311.png has consolidation with 50.46% probability
1099,4232.png has consolidation with 73.75% probability
1100,11559.png has consolidation with 91.35% probability
1101,13323.png has consolidation with 52.82% probability
1102,14906.png has consolidation with 73.23% probability
1103,5679.png has consolidation with 83.9% probability
1104,13234.png has consolidation with 76.17% probability
1105,7317.png has consolidation with 94.4% probability
1106,4259.png has consolidation with 60.98% probability
1107,1535.png has consolidation with 72.14% probability
1108,2790.png has consolidation with 66.25% probability
1109,9853.png has consolidation with 85.35% probability
1110,13315.png has consolidation with 56.95% probability
1111,12785.png has consolidation with 56.79% probability
1112,18683.png has consolidation with 80.83% probability
1113,2561.png has consolidation with 92.85% probability
1114,16722.png has consolidation with 70.33% probability
1115,1806.png has consolidation with 79.09% probability
1116,10425.png has consolidation with 51.96% probability
1117,18896.png has consolidation with 63.49% probability
1118,15411.png has consolidation with 96.73% probability
1119,8497.png has consolidation with 84.7% probability
1120,19142.png has consolidation with 69.02% probability
1121,11277.png has consolidation with 54.4% probability
1122,14913.png has consolidation with 80.51% probability
1123,2772.png has consolidation with 50.91% probability
1124,8883.png has consolidation with 87.49% probability
1125,17965.png has consolidation with 92.98% probability
1126,11397.png has consolidation with 64.72% probability
1127,332.png has consolidation with 72.67% probability
1128,4828.png has consolidation with 67.01% probability
1129,12901.png has consolidation with 84.26% probability
1130,17710.png has consolidation with 90.76% probability
1131,12247.png has consolidation with 76.99% probability
1132,13664.png has consolidation with 57.65% probability
1133,2007.png has consolidation with 60.11% probability
1134,2980.png has consolidation with 51.29% probability
1135,18440.png has consolidation with 88.66% probability
1136,11321.png has consolidation with 96.59% probability
1137,9851.png has consolidation with 81.46% probability
1138,12659.png has consolidation with 68.11% probability
1139,15549.png has consolidation with 96.99% probability
1140,7988.png has consolidation with 93.76% probability
1141,15006.png has consolidation with 77.23% probability
1142,6135.png has consolidation with 89.66% probability
1143,3627.png has consolidation with 90.87% probability
1144,15479.png has consolidation with 50.96% probability
1145,17095.png has consolidation with 79.91% probability
1146,6246.png has consolidation with 90.71% probability
1147,12915.png has consolidation with 52.51% probability
1148,12282.png has consolidation with 68.56% probability
1149,18870.png has consolidation with 59.22% probability
1150,14145.png has consolidation with 57.39% probability
1151,14773.png has consolidation with 93.45% probability
1152,2431.png has consolidation with 73.66% probability
1153,2792.png has consolidation with 81.16% probability
1154,16983.png has consolidation with 89.65% probability
1155,6665.png has consolidation with 56.66% probability
1156,5265.png has consolidation with 75.87% probability
1157,5963.png has consolidation with 80.18% probability
1158,4764.png has consolidation with 89.65% probability
1159,15588.png has consolidation with 54.72% probability
1160,2273.png has consolidation with 96.48% probability
1161,9135.png has consolidation with 93.86% probability
1162,19894.png has consolidation with 50.99% probability
1163,6159.png has consolidation with 86.13% probability
1164,4616.png has consolidation with 95.48% probability
1165,1984.png has consolidation with 54.44% probability
1166,618.png has consolidation with 62.02% probability
1167,13999.png has consolidation with 72.09% probability
1168,13407.png has consolidation with 73.48% probability
1169,13485.png has consolidation with 96.68% probability
1170,16686.png has consolidation with 91.72% probability
1171,17738.png has consolidation with 91.0% probability
1172,10407.png has consolidation with 69.8% probability
1173,19863.png has consolidation with 80.15% probability
1174,5594.png has consolidation with 86.23% probability
1175,14241.png has consolidation with 73.86% probability
1176,16350.png has consolidation with 74.77% probability
1177,4956.png has consolidation with 63.76% probability
